Product URL,Product Name,Product Price,Rating,Number of Reviews
https://www.amazon.in/POLESTAR-Vintage-Laptop-Backpack-bagpack/dp/B081GSQ9D9/ref=sr_1_17?crid=2M096C61O4MLT&keywords=bags&qid=1688687060&sprefix=ba%2Caps%2C283&sr=8-17,"POLESTAR Vintage 15.6 inch 32 LTR Casual Laptop Backpack/Office Bag/School Bag/College Bag/Business Bag/Unisex Backpack, Water Resistant and Light Weight, 1 year Warranty",549.0,3.9,8966.0
https://www.amazon.in/ADISA-BP005-Weight-Casual-Backpack/dp/B07F3X45WZ/ref=sr_1_18?crid=2M096C61O4MLT&keywords=bags&qid=1688687060&sprefix=ba%2Caps%2C283&sr=8-18,ADISA Light Weight Laptop Backpack 32 Ltrs,499.0,4.0,5968.0
https://www.amazon.in/Safari-Laptop-Backpack-Resistant-Fabric/dp/B09B28TKLG/ref=sr_1_19?crid=2M096C61O4MLT&keywords=bags&qid=1688687060&sprefix=ba%2Caps%2C283&sr=8-19,"Safari Quill Laptop Backpack 26 Ltrs Water Resistant Fabric - Blue, L (QUILL19CBBLU)",899.0,4.0,682.0
https://www.amazon.in/Safari-Laptop-Backpack-Compartments-Resistant/dp/B09B27S9SG/ref=sr_1_20?crid=2M096C61O4MLT&keywords=bags&qid=1688687060&sprefix=ba%2Caps%2C283&sr=8-20,"Safari Tribe 35 Ltrs Large Laptop Backpack with 3 Compartments, Water Resistant Fabric - Black (TRIBE19CBBLK)",1099.0,3.8,1577.0
https://www.amazon.in/gp/bestsellers/luggage/2917507031/ref=sr_bs_4_2917507031_1,Sfane Polyester 23cms Duffle/Shoulder/Gym Bag for Men & Women with Separate Shoe Compartment (Grey),387.0,4.3,7480.0
https://www.amazon.in/WILDHORN-Backpack-Compartment-Business-Stitching/dp/B09QL66G55/ref=sr_1_22?crid=2M096C61O4MLT&keywords=bags&qid=1688687060&sprefix=ba%2Caps%2C283&sr=8-22,"WILDHORN 31L Laptop Backpack for Men/Women I Fits upto 15.6"" Laptop I Waterproof I Travel/Business/College Bookbags",599.0,4.0,1392.0
https://www.amazon.in/GEAR-Black-Blue-Backpack-years/dp/B019HA8AYG/ref=sr_1_23?crid=2M096C61O4MLT&keywords=bags&qid=1688687060&sprefix=ba%2Caps%2C283&sr=8-23,Gear CarryOn 16L Foldable Water Resistant School Bag//Backpack/College Bag for Men/Women - Blue Black,199.0,3.7,6686.0
https://www.amazon.in/Half-Moon-Backpack-Luggage-Compartment/dp/B09VCLZ3K4/ref=sr_1_24?crid=2M096C61O4MLT&keywords=bags&qid=1688687060&sprefix=ba%2Caps%2C283&sr=8-24,Half Moon Large 37L Laptop Bag Backpack for menं Women Boys and Girls Luggage Travel Bags with 17.3 inches Laptop Compartment & Rain Cover,849.0,3.9,3076.0
https://www.amazon.in/Lenovo-15-6-Inches-Everyday-Backpack/dp/B08R7RPVJF/ref=sr_1_25?crid=2M096C61O4MLT&keywords=bags&qid=1688687060&sprefix=ba%2Caps%2C283&sr=8-25,"Lenovo 15.6"" (39.62cm) Slim Everyday Backpack, Made in India, Compact, Water-resistant, Organized storage:Laptop sleeve,tablet pocket,front workstation,2-side pockets,Padded adjustable shoulder straps",570.0,4.4,3462.0
https://www.amazon.in/F-Gear-Luxur-Brown-Backpack/dp/B01F7AX9ZA/ref=sr_1_26?crid=2M096C61O4MLT&keywords=bags&qid=1688687060&sprefix=ba%2Caps%2C283&sr=8-26,F Gear Luxur Brown 25 liter Laptop Backpack (2404),1099.0,4.4,16898.0
https://www.amazon.in/ADISA-Casual-Backpack-School-College/dp/B0BX3QFVSM/ref=sr_1_27?crid=2M096C61O4MLT&keywords=bags&qid=1688687060&sprefix=ba%2Caps%2C283&sr=8-27,ADISA 31 Ltrs Casual Backpack School College Bag Pack (Navy Blue),399.0,3.8,97.0
https://www.amazon.in/Backpack-Small-Black-Water-Repellant/dp/B088XB5XY8/ref=sr_1_28?crid=2M096C61O4MLT&keywords=bags&qid=1688687060&sprefix=ba%2Caps%2C283&sr=8-28,"Mi Step Out 12 L Mini Backpack (Small Size, Black, Water Repellant)",349.0,4.1,9322.0
https://www.amazon.in/ADISA-BP004-Weight-Casual-Backpack/dp/B07G3CG9FC/ref=sr_1_29?crid=2M096C61O4MLT&keywords=bags&qid=1688687060&sprefix=ba%2Caps%2C283&sr=8-29,ADISA Laptop Backpack 31 Ltrs,399.0,4.0,9387.0
https://www.amazon.in/ADISA-BP010-Weight-Casual-Backpack/dp/B07MXL986B/ref=sr_1_30?crid=2M096C61O4MLT&keywords=bags&qid=1688687060&sprefix=ba%2Caps%2C283&sr=8-30,ADISA 32 Ltrs Water Resistant Casual Travel Bagpack/College Backpack/School Office Bag for Men and Women,499.0,4.0,3977.0
https://www.amazon.in/FATMUG-Laptop-Bag-Men-Convertible/dp/B084LF4RT5/ref=sr_1_31?crid=2M096C61O4MLT&keywords=bags&qid=1688687060&sprefix=ba%2Caps%2C283&sr=8-31,"FATMUG Laptop Bag For Men - Convertible Backpack For Office And Travel (Dark Grey,Oxford Fabric)",1599.0,4.4,2081.0
https://www.amazon.in/Half-Moon-Backpack-Spacious-Multiple/dp/B0C23Z9W18/ref=sr_1_32?crid=2M096C61O4MLT&keywords=bags&qid=1688687060&sprefix=ba%2Caps%2C283&sr=8-32,Half Moon Aztec 37L School Bag Class 5-12 | College Bagpack for Men/College Back pack for Women | 15.6 inch Laptop Bag for Men/Backpack for Men | Spacious & Multiple Pockets,649.0,3.7,86.0
https://www.amazon.in/Half-Moon-Backpack-Spacious-Multiple/dp/B0C23Z9W18/ref=sr_1_33?crid=2M096C61O4MLT&keywords=bags&qid=1688687061&sprefix=ba%2Caps%2C283&sr=8-33,Half Moon Aztec 37L School Bag Class 5-12 | College Bagpack for Men/College Back pack for Women | 15.6 inch Laptop Bag for Men/Backpack for Men | Spacious & Multiple Pockets,649.0,3.7,86.0
https://www.amazon.in/Safari-Spartan-Water-Resistant-Backpack/dp/B09B277CR5/ref=sr_1_34?crid=2M096C61O4MLT&keywords=bags&qid=1688687061&sprefix=ba%2Caps%2C283&sr=8-34,"Safari Spartan 21 Ltrs Water Resistant Backpack - Teal, S (SPARTAN19CBTEA)",599.0,3.8,850.0
https://www.amazon.in/TRUE-Emperor-Anti-Theft-backpack-charging/dp/B0BYB631NR/ref=sr_1_35?crid=2M096C61O4MLT&keywords=bags&qid=1688687061&sprefix=ba%2Caps%2C283&sr=8-35,"TRUE HUMAN® Emperor Anti-Theft Pocket backpack With USB charging Port Laptop,office,college,travel bag for men and women(Epower)",680.0,3.6,133.0
https://www.amazon.in/Wesley-Milestone-Waterproof-Backpack-Business/dp/B07K8KLB3P/ref=sr_1_36?crid=2M096C61O4MLT&keywords=bags&qid=1688687061&sprefix=ba%2Caps%2C283&sr=8-36,"Wesley Unisex Milestone Casual Waterproof Laptop Office School College Business Travel Backpack 25 L (Dimensions: 12.5x18 inches) (Compatible with 15.6 inch laptops), Navy Blue",448.0,4.3,12999.0
https://www.amazon.in/Lenovo-Laptop-Backpack-15-6-Inch-GX40Q17225/dp/B075Y72PHZ/ref=sr_1_37?crid=2M096C61O4MLT&keywords=bags&qid=1688687061&sprefix=ba%2Caps%2C283&sr=8-37,"Lenovo 15.6"" Casual Backpack B210",749.0,4.2,27725.0
https://www.amazon.in/Safari-Laptop-Backpack-Resistant-Fabric/dp/B09B25Z8M2/ref=sr_1_38?crid=2M096C61O4MLT&keywords=bags&qid=1688687061&sprefix=ba%2Caps%2C283&sr=8-38,"Safari Quill Laptop Backpack 26 Ltrs Water Resistant Fabric - Black, L (QUILL19CBBLK)",899.0,3.9,935.0
https://www.amazon.in/Storite-Backpack-Waterproof-Dustproof-Adjustable/dp/B0C7ZWNBJZ/ref=sr_1_39?crid=2M096C61O4MLT&keywords=bags&qid=1688687061&sprefix=ba%2Caps%2C283&sr=8-39,"Storite Dust & Rain Cover for Backpack with Pouch, Waterproof Dustproof Rain Cover Bag Elastic Adjustable for School, College,Office, Trekking Bags (30L-35L,Black)",189.0,5.0,1.0
https://www.amazon.in/Half-Moon-Resistant-Backpack-Compartment/dp/B0BLVQ9NTD/ref=sr_1_40?crid=2M096C61O4MLT&keywords=bags&qid=1688687061&sprefix=ba%2Caps%2C283&sr=8-40,Half Moon Strike 35L Unisex Spacious School/Laptop/College/Office Travel Backpack Bag for Men Women Boys & Girls with 15.6 inch Padded Laptop Compartment & Multiple Pockets,699.0,3.8,539.0
https://www.amazon.in/NORTH-ZONE-Waterproof-Backpack-Dimensions/dp/B0BS6QQZYN/ref=sr_1_41?crid=2M096C61O4MLT&keywords=bags&qid=1688687061&sprefix=ba%2Caps%2C283&sr=8-41,NORTH ZONE Casual Waterproof Laptop Backpack/Office Bag/School Bag/College Bag/Business Bag/Travel Backpack (Dimensions:13x18 inches) (Compatible with 39.62cm(15.6inch laptop) 30 L,569.0,4.0,427.0
https://www.amazon.in/Wesley-Milestone-Waterproof-Backpack-Business/dp/B085S444JV/ref=sr_1_42?crid=2M096C61O4MLT&keywords=bags&qid=1688687061&sprefix=ba%2Caps%2C283&sr=8-42,"Wesley Milestone 2.0 Casual Waterproof Laptop Backpack/Office Bag/School Bag/College Bag/Business Bag/Travel Backpack (Dimensions:13x18 inches) (Compatible with 39.62cm(15.6inch laptop) 30 L, Charcoal black",550.0,4.3,11551.0
https://www.amazon.in/Fur-Jaden-Black-Waterproof-Backpack/dp/B078GLXMDY/ref=sr_1_43?crid=2M096C61O4MLT&keywords=bags&qid=1688687061&sprefix=ba%2Caps%2C283&sr=8-43,FUR JADEN Anti Theft Backpack 15.6 Inch Laptop Bag with USB Charging Port For Men Women Boys Girls,839.0,4.0,13806.0
https://www.amazon.in/NORTH-ZONE-Waterproof-Backpack-Dimensions/dp/B0BS6QM2GD/ref=sr_1_44?crid=2M096C61O4MLT&keywords=bags&qid=1688687061&sprefix=ba%2Caps%2C283&sr=8-44,NORTH ZONE Casual Waterproof Laptop Backpack/Office Bag/School Bag/College Bag/Business Bag/Travel Backpack (Dimensions:13x18 inches) (Compatible with 39.62cm(15.6inch laptop) 30 L,569.0,4.0,427.0
https://www.amazon.in/ADISA-BP004-Weight-Casual-Backpack/dp/B07G3CG9FC/ref=sr_1_45?crid=2M096C61O4MLT&keywords=bags&qid=1688687061&sprefix=ba%2Caps%2C283&sr=8-45,ADISA Laptop Backpack 31 Ltrs,399.0,4.0,9387.0
https://www.amazon.in/NORTH-ZONE-Lightweight-Backpacks-Stylish/dp/B0BL3SPN16/ref=sr_1_46?crid=2M096C61O4MLT&keywords=bags&qid=1688687061&sprefix=ba%2Caps%2C283&sr=8-46,NORTH ZONE Lightweight school bags Backpacks for Boys Girls Stylish men and women Casual Travel Laptop Bag College office,568.0,3.9,791.0
https://www.amazon.in/FATMUG-Laptop-Bag-Men-Convertible/dp/B084LF4RT5/ref=sr_1_47?crid=2M096C61O4MLT&keywords=bags&qid=1688687061&sprefix=ba%2Caps%2C283&sr=8-47,"FATMUG Laptop Bag For Men - Convertible Backpack For Office And Travel (Dark Grey,Oxford Fabric)",1599.0,4.4,2081.0
https://www.amazon.in/School-school-partition-Collage-Backpack/dp/B09NNYCQ1Q/ref=sr_1_48?crid=2M096C61O4MLT&keywords=bags&qid=1688687061&sprefix=ba%2Caps%2C283&sr=8-48,URBAN CARRIER School Bag For girls school bags for boys Class 5-10 Large 4 partition 45 L Laptop Collage Office Travel Unisex Backpack,431.0,3.6,860.0
https://www.amazon.in/Gear-Workspace-Briefcase-Black-Red-BKPWRPHYD0101/dp/B097KGL2M5/ref=sr_1_65?crid=2M096C61O4MLT&keywords=bags&qid=1688687063&sprefix=ba%2Caps%2C283&sr=8-65,Gear Workspace 18L Water Resistant Laptop Bag/Backpack/Office Bag for Men/Women-Black,875.0,4.2,330.0
https://www.amazon.in/Martucci-Casual-Travelling-Laptop-Backpack/dp/B088B4P6ZW/ref=sr_1_66?crid=2M096C61O4MLT&keywords=bags&qid=1688687063&sprefix=ba%2Caps%2C283&sr=8-66,Martucci 15.6 inch 30 L Casual Waterproof Laptop Backpack/Office Bag/School Bag/College Bag/Business Bag/Unisex Travel Backpack(Black),549.0,3.9,7614.0
https://www.amazon.in/American-Tourister-BACKPACK-COMPARTMENT-ORGANIZER/dp/B0BTD4FK9G/ref=sr_1_67?crid=2M096C61O4MLT&keywords=bags&qid=1688687063&sprefix=ba%2Caps%2C283&sr=8-67,"American Tourister VALEX BLUE LAPTOP BACKPACK 28 Ltrs,Volume, LAPTOP COMPARTMENT, BOTTLE POCKET, FRONT ORGANIZER",1399.0,4.3,422.0
https://www.amazon.in/BennettTM-Mystic-Shoulder-Messenger-Repellent/dp/B09321GJXZ/ref=sr_1_68?crid=2M096C61O4MLT&keywords=bags&qid=1688687063&sprefix=ba%2Caps%2C283&sr=8-68,Bennett™ Mystic 15.6 inch (39.6cm) Laptop Briefcase Shoulder Sling Office Business Professional Travel Messenger Bag for Men and Women Water Repellent Formal Executive Bags (Grey) 6 Months Warranty,512.0,4.0,6061.0
https://www.amazon.in/Arctic-Fox-Liters-String-Backpack/dp/B08L6Q9V1H/ref=sr_1_69?crid=2M096C61O4MLT&keywords=bags&qid=1688687063&sprefix=ba%2Caps%2C283&sr=8-69,Arctic Fox 15 Liters Draw String Bag Lavender Backpack,229.0,4.3,3339.0
https://www.amazon.in/Step-Backpack-Small-Water-Repellant/dp/B088XH1BP7/ref=sr_1_70?crid=2M096C61O4MLT&keywords=bags&qid=1688687063&sprefix=ba%2Caps%2C283&sr=8-70,"Mi Step Out 12 L Mini Backpack (Small Size, Dark Blue, Water Repellant)",249.0,4.1,9322.0
https://www.amazon.in/Half-Moon-Laptop-Bag-Compartment/dp/B0C1NZLF67/ref=sr_1_71?crid=2M096C61O4MLT&keywords=bags&qid=1688687063&sprefix=ba%2Caps%2C283&sr=8-71,Half Moon Valex Unisex School Bag/Laptop Backpack/College Bagpack/Office Back Packed | Laptop Bag for Men & Women | School Bags for Boys & Girls with Small Pockets & Laptop Compartment,649.0,3.9,48.0
https://www.amazon.in/TRUE-Emperor-Anti-Theft-backpack-charging/dp/B0BYB631NR/ref=sr_1_72?crid=2M096C61O4MLT&keywords=bags&qid=1688687063&sprefix=ba%2Caps%2C283&sr=8-72,"TRUE HUMAN® Emperor Anti-Theft Pocket backpack With USB charging Port Laptop,office,college,travel bag for men and women(Epower)",680.0,3.6,133.0
https://www.amazon.in/Casual-Backpack-Charging-Laptop-Compartment/dp/B07J46KLFP/ref=sr_1_73?crid=2M096C61O4MLT&keywords=bags&qid=1688687063&sprefix=ba%2Caps%2C283&sr=8-73,"Fur Jaden 15.6 Inch Laptop Backpack 25 LTR Bag for School, College and Office with USB Charging Port",479.0,3.9,10260.0
https://www.amazon.in/School-school-partition-Collage-Backpack/dp/B09NNYCQ1Q/ref=sr_1_74?crid=2M096C61O4MLT&keywords=bags&qid=1688687063&sprefix=ba%2Caps%2C283&sr=8-74,URBAN CARRIER School Bag For girls school bags for boys Class 5-10 Large 4 partition 45 L Laptop Collage Office Travel Unisex Backpack,431.0,3.6,860.0
https://www.amazon.in/Zipline-Nexa-Resistant-Bagpack-Backpack/dp/B08WQ668WJ/ref=sr_1_75?crid=2M096C61O4MLT&keywords=bags&qid=1688687063&sprefix=ba%2Caps%2C283&sr=8-75,Zipline Unisex Casual Polyester 36 L Backpack School Bag Women Men Boys Girls Children Daypack College Bag Book School Sports Bag,843.0,3.7,904.0
https://www.amazon.in/Genie-Ltrs-School-Backpack-CAMELLIA17SBPIN/dp/B07QHMKHWH/ref=sr_1_76?crid=2M096C61O4MLT&keywords=bags&qid=1688687063&sprefix=ba%2Caps%2C283&sr=8-76,"Genie Camellia School Bag for Girls, 17 inch Backpack for Women, 3 compartments Water Resistant Stylish and Trendy College Backpacks for Girls",818.0,4.2,3339.0
https://www.amazon.in/BP1501-15-6-inch-Gaming-Laptop-Backpack/dp/B081RLHHCY/ref=sr_1_77?crid=2M096C61O4MLT&keywords=bags&qid=1688687063&sprefix=ba%2Caps%2C283&sr=8-77,Asus ROG BP1501 39.62 cm (15.6-inch) Gaming Laptop Backpack (Black),1499.0,4.3,952.0
https://www.amazon.in/Number-Backpack-Compartment-Charging-Organizer/dp/B09VTCNN75/ref=sr_1_78?crid=2M096C61O4MLT&keywords=bags&qid=1688687063&sprefix=ba%2Caps%2C283&sr=8-78,"FUR JADEN Anti Theft Number Lock Backpack Bag with 15.6 Inch Laptop Compartment, USB Charging Port & Organizer Pocket for Men Women Boys Girls",679.0,4.0,4641.0
https://www.amazon.in/SFANE-Polyester-Shoulder-Separate-Compartment/dp/B08KG7J7L5/ref=sr_1_79?crid=2M096C61O4MLT&keywords=bags&qid=1688687063&sprefix=ba%2Caps%2C283&sr=8-79,"SFANE Polyester Red Duffel Gym Bag, Shoulder Bag, Sports Bag for Men & Women with Separate Shoe Compartment (Black) (Red) Set Of 1",387.0,4.3,307.0
https://www.amazon.in/Tabelito-NEXA-Backpack-Business-Compartment/dp/B0C2D4KWQ6/ref=sr_1_80?crid=2M096C61O4MLT&keywords=bags&qid=1688687063&sprefix=ba%2Caps%2C283&sr=8-80,"Tabelito® NEXA 3O L Water Resistant Laptop/College/Office/School/Travel/Business Bag, Unisex Backpack for Men Women Fits Up to 15.6 Inch Laptop Notebook. (GREY)",399.0,4.7,59.0
https://www.amazon.in/Casual-Backpack-Charging-Laptop-Compartment/dp/B07J46KLFP/ref=sr_1_81?crid=2M096C61O4MLT&keywords=bags&qid=1688687065&sprefix=ba%2Caps%2C283&sr=8-81,"Fur Jaden 15.6 Inch Laptop Backpack 25 LTR Bag for School, College and Office with USB Charging Port",479.0,3.9,10260.0
https://www.amazon.in/SAFARI-Denim-Casual-Backpack-DAYPACKNEO15CBDNB/dp/B07NSC4SL5/ref=sr_1_82?crid=2M096C61O4MLT&keywords=bags&qid=1688687065&sprefix=ba%2Caps%2C283&sr=8-82,SAFARI 15 Ltrs Denim Blue Casual/School/College Backpack (DAYPACKNEO15CBDNB),321.0,4.0,12960.0
https://www.amazon.in/American-Tourister-BACKPACK-COMPARTMENT-ORGANIZER/dp/B0BTD4FK9G/ref=sr_1_83?crid=2M096C61O4MLT&keywords=bags&qid=1688687065&sprefix=ba%2Caps%2C283&sr=8-83,"American Tourister VALEX BLUE LAPTOP BACKPACK 28 Ltrs,Volume, LAPTOP COMPARTMENT, BOTTLE POCKET, FRONT ORGANIZER",1399.0,4.3,422.0
https://www.amazon.in/BP1501-15-6-inch-Gaming-Laptop-Backpack/dp/B081RLHHCY/ref=sr_1_84?crid=2M096C61O4MLT&keywords=bags&qid=1688687065&sprefix=ba%2Caps%2C283&sr=8-84,Asus ROG BP1501 39.62 cm (15.6-inch) Gaming Laptop Backpack (Black),1499.0,4.3,952.0
https://www.amazon.in/Number-Backpack-Compartment-Charging-Organizer/dp/B09VTCNN75/ref=sr_1_85?crid=2M096C61O4MLT&keywords=bags&qid=1688687065&sprefix=ba%2Caps%2C283&sr=8-85,"FUR JADEN Anti Theft Number Lock Backpack Bag with 15.6 Inch Laptop Compartment, USB Charging Port & Organizer Pocket for Men Women Boys Girls",679.0,4.0,4641.0
https://www.amazon.in/Girls-1522-Polyester-Designer-Waterproof-Bag-Backpack/dp/B08F9SFYXQ/ref=sr_1_86?crid=2M096C61O4MLT&keywords=bags&qid=1688687065&sprefix=ba%2Caps%2C283&sr=8-86,BEAUTY GIRLS BY HOTSHOT 1522|School Bag|Tuition Bag|College Backpack|ForGirls&Women|Waterproof Bag,740.0,4.1,1350.0
https://www.amazon.in/Arctic-Fox-Liters-String-Backpack/dp/B08L6Q9V1H/ref=sr_1_87?crid=2M096C61O4MLT&keywords=bags&qid=1688687065&sprefix=ba%2Caps%2C283&sr=8-87,Arctic Fox 15 Liters Draw String Bag Lavender Backpack,229.0,4.3,3339.0
https://www.amazon.in/Gear-Vintage2-Leather-Backpack-LBPVG2LTH0501/dp/B07G4HH78P/ref=sr_1_88?crid=2M096C61O4MLT&keywords=bags&qid=1688687065&sprefix=ba%2Caps%2C283&sr=8-88,Gear Vintage2 28L Faux Leather Water Resistant Anti Theft Laptop Bag/Backpack for Men/Women-Navy,981.0,4.4,3287.0
https://www.amazon.in/TRUE-Emperor-Anti-Theft-backpack-charging/dp/B0BYB631NR/ref=sr_1_89?crid=2M096C61O4MLT&keywords=bags&qid=1688687065&sprefix=ba%2Caps%2C283&sr=8-89,"TRUE HUMAN® Emperor Anti-Theft Pocket backpack With USB charging Port Laptop,office,college,travel bag for men and women(Epower)",680.0,3.6,133.0
https://www.amazon.in/Gear-Classic-Leather-Backpack-LBPCLSLTH0519/dp/B07G4JQX2F/ref=sr_1_90?crid=2M096C61O4MLT&keywords=bags&qid=1688687065&sprefix=ba%2Caps%2C283&sr=8-90,Gear Classic 20L Faux Leather Water Resistant Anti Theft Laptop Bag/Backpack for Men/Women-Navy,988.0,4.4,6435.0
https://www.amazon.in/Tabelito-NEXA-Backpack-Business-Compartment/dp/B0C2D4KWQ6/ref=sr_1_91?crid=2M096C61O4MLT&keywords=bags&qid=1688687065&sprefix=ba%2Caps%2C283&sr=8-91,"Tabelito® NEXA 3O L Water Resistant Laptop/College/Office/School/Travel/Business Bag, Unisex Backpack for Men Women Fits Up to 15.6 Inch Laptop Notebook. (GREY)",399.0,4.7,59.0
https://www.amazon.in/FUR-JADEN-Backpack-Accessories-Organiser/dp/B0BSHBH9K2/ref=sr_1_92?crid=2M096C61O4MLT&keywords=bags&qid=1688687065&sprefix=ba%2Caps%2C283&sr=8-92,"FUR JADEN 15.6 Inch Smart Laptop Backpack Bag With USB Charging Port, Anti Theft Pocket and Accessories Organiser for Men Women Boys Girls",1329.0,4.2,502.0
https://www.amazon.in/Wildcraft-Green-Casual-Backpack-11650-Green/dp/B079DV66TY/ref=sr_1_93?crid=2M096C61O4MLT&keywords=bags&qid=1688687065&sprefix=ba%2Caps%2C283&sr=8-93,Wildcraft 29.5 Ltrs Green Casual Backpack (11650-Green),1029.0,4.1,383.0
https://www.amazon.in/Wesley-Liter-Casual-Daypack-Backpack/dp/B0BVVY98PZ/ref=sr_1_94?crid=2M096C61O4MLT&keywords=bags&qid=1688687065&sprefix=ba%2Caps%2C283&sr=8-94,Wesley 15 Liter Casual Daypack Backpack,169.0,4.0,35.0
https://www.amazon.in/Tabelito-NEO-Backpack-Business-Compartment/dp/B0C2D2GPWJ/ref=sr_1_95?crid=2M096C61O4MLT&keywords=bags&qid=1688687065&sprefix=ba%2Caps%2C283&sr=8-95,"Tabelito® NEO 3O L Water Resistant Laptop/College/Office/School/Travel/Business Bag, Unisex Backpack for Men Women Fits Up to 15.6 Inch Laptop Notebook.",399.0,4.3,79.0
https://www.amazon.in/TRUE-EMPEROR-charging-college-CAPTAIN/dp/B0C6HZDWRQ/ref=sr_1_96?crid=2M096C61O4MLT&keywords=bags&qid=1688687065&sprefix=ba%2Caps%2C283&sr=8-96,"TRUE HUMAN® EMPEROR 15.6 inch laptop bag with USB charging port Laptop bag,office bag, college bags anti theft (CAPTAIN)",649.0,5.0,3.0
https://www.amazon.in/FUR-JADEN-Backpack-Accessories-Organiser/dp/B0BSHBC51P/ref=sr_1_113?crid=2M096C61O4MLT&keywords=bags&qid=1688687066&sprefix=ba%2Caps%2C283&sr=8-113,"FUR JADEN 15.6 Inch Smart Laptop Backpack Bag With USB Charging Port, Anti Theft Pocket and Accessories Organiser for Men Women Boys Girls",1329.0,4.2,502.0
https://www.amazon.in/SPENZ-BAGS-Backpack-Raincover-Dark-Blue/dp/B0C3RJP6ZM/ref=sr_1_114?crid=2M096C61O4MLT&keywords=bags&qid=1688687066&sprefix=ba%2Caps%2C283&sr=8-114,"SPENZ BAGS Travel Laptop Backpack for Women & Men|Carry On Bag, College & School Students Bookbag With Raincover",999.0,4.6,100.0
https://www.amazon.in/Skybags-Unisex-Adjustable-Polyester-Backpack/dp/B0BJ74KLLY/ref=sr_1_115?crid=2M096C61O4MLT&keywords=bags&qid=1688687066&sprefix=ba%2Caps%2C283&sr=8-115,Skybags Kick Unisex Adjustable Strap Polyester Laptop Backpack,1349.0,4.1,45.0
https://www.amazon.in/AirCase-C34-Laptop-Backpack-Women/dp/B07QL8633G/ref=sr_1_116?crid=2M096C61O4MLT&keywords=bags&qid=1688687066&sprefix=ba%2Caps%2C283&sr=8-116,"AirCase Laptop Bag Backpack Case Pouch for Laptop Backpack for Men & Women,Premium Vegan Leather",929.0,4.0,1069.0
https://www.amazon.in/Tabelito-NEXA-Backpack-Business-Compartment/dp/B0C2D3YR7T/ref=sr_1_117?crid=2M096C61O4MLT&keywords=bags&qid=1688687066&sprefix=ba%2Caps%2C283&sr=8-117,"Tabelito® NEXA 3O L Water Resistant Laptop/College/Office/School/Travel/Business Bag, Unisex Backpack for Men Women Fits Up to 15.6 Inch Laptop Notebook. (GREY)",399.0,4.7,59.0
https://www.amazon.in/FUR-JADEN-Waterproof-Charging-BM25_Grey/dp/B07FM9BSKW/ref=sr_1_118?crid=2M096C61O4MLT&keywords=bags&qid=1688687066&sprefix=ba%2Caps%2C283&sr=8-118,FUR JADEN 15.6 Anti Theft Laptop Backpack with USB Charging Port Unisex Bag for College Office Suitable for Men Women,749.0,4.0,6104.0
https://www.amazon.in/ADISA-Laptop-Backpack-College-z-Black/dp/B09TPY1G1W/ref=sr_1_119?crid=2M096C61O4MLT&keywords=bags&qid=1688687066&sprefix=ba%2Caps%2C283&sr=8-119,ADISA 15.6 inch Laptop Backpack Office Bag College Travel Back Pack 32 Ltrs (z-Black),499.0,3.9,959.0
https://www.amazon.in/Wesley-Milestone-Waterproof-Backpack-Business/dp/B07PLKV6D1/ref=sr_1_120?crid=2M096C61O4MLT&keywords=bags&qid=1688687066&sprefix=ba%2Caps%2C283&sr=8-120,Wesley Milestone 15.6 inch 25 L Casual Waterproof Laptop Backpack/Office Bag/School Bag/College Bag/Business Bag/Unisex Travel Backpack,448.0,4.3,12999.0
https://www.amazon.in/Gear-Colorado-Orange-Laptop-Backpack/dp/B097K6KD7W/ref=sr_1_121?crid=2M096C61O4MLT&keywords=bags&qid=1688687066&sprefix=ba%2Caps%2C283&sr=8-121,F Gear Colorado Grey Orange 39 Ltrs Laptop Backpack (3814),895.0,4.2,196.0
https://www.amazon.in/Wildcraft-Turnaround-Polyester-Laptop-8903338054702/dp/B012D51GXO/ref=sr_1_122?crid=2M096C61O4MLT&keywords=bags&qid=1688687066&sprefix=ba%2Caps%2C283&sr=8-122,Wildcraft Turnaround Polyester 35 Ltrs Blue Laptop Bag (8903338054702),1774.0,4.3,1198.0
https://www.amazon.in/Genie-Glitter-Backpack-Women-compartments/dp/B097JHQH13/ref=sr_1_123?crid=2M096C61O4MLT&keywords=bags&qid=1688687066&sprefix=ba%2Caps%2C283&sr=8-123,"Genie Glitter Backpack for Women - 3 compartments, Laptop Bags for Girls, Stylish and Trendy College Backpacks for Girls, Water Resistant and Lightweight Bags for Office and Travelling Purpose.",,4.3,851.0
https://www.amazon.in/Genie-Miami-litres-Casual-Backpack/dp/B07SRGGGNC/ref=sr_1_124?crid=2M096C61O4MLT&keywords=bags&qid=1688687066&sprefix=ba%2Caps%2C283&sr=8-124,"Genie Miami Laptop Backpack for Women, 16 inches Office Bag, Sky Blue Stylish and Trendy Bag for Office and College",799.0,4.2,1436.0
https://www.amazon.in/F-Gear-Axe-Black-Navy-Blue-bag/dp/B00MI562BG/ref=sr_1_125?crid=2M096C61O4MLT&keywords=bags&qid=1688687066&sprefix=ba%2Caps%2C283&sr=8-125,F Gear Axe 27L Black Navy Blue School Bag 1860,969.0,4.2,5858.0
https://www.amazon.in/Skybags-Unisex-Adjustable-Polyester-Backpack/dp/B0BJ763F7Y/ref=sr_1_126_mod_primary_new?crid=2M096C61O4MLT&keywords=bags&qid=1688687066&sbo=RZvfv%2F%2FHxDF%2BO5021pAnSA%3D%3D&sprefix=ba%2Caps%2C283&sr=8-126,Skybags Kick Unisex Adjustable Strap Polyester Laptop Backpack,1330.0,4.1,45.0
https://www.amazon.in/Genie-Plaids-Latest-Backpack-Collection/dp/B0893ZWXQJ/ref=sr_1_127?crid=2M096C61O4MLT&keywords=bags&qid=1688687066&sprefix=ba%2Caps%2C283&sr=8-127,Genie Plaids 19 Maroon Backpack Collection,1149.0,4.2,299.0
https://www.amazon.in/Bagneeds-Synthetic-Leather-Briefcase-Messenger/dp/B0855F8174/ref=sr_1_128?crid=2M096C61O4MLT&keywords=bags&qid=1688687066&sprefix=ba%2Caps%2C283&sr=8-128,Bagneeds Men's Black Synthetic Leather Briefcase Best Laptop Messenger Bag Satchel for Men,749.0,4.1,4425.0
https://www.amazon.in/DZert-Polyester-Pink-School-Backpack/dp/B077VFZHLL/ref=sr_1_161?crid=2M096C61O4MLT&keywords=bags&qid=1688687068&sprefix=ba%2Caps%2C283&sr=8-161,DZert School Bag Backpack 30 Liters for Boys/Girls Polyester Lightweight Bag (Pink),319.0,3.6,1897.0
https://www.amazon.in/Gear-DOUBLE-DECKER-Resistant-Backpack/dp/B0BTJ3WTMV/ref=sr_1_162?crid=2M096C61O4MLT&keywords=bags&qid=1688687068&sprefix=ba%2Caps%2C283&sr=8-162,Gear DOUBLE DECKER 31L Water Resistant Laptop Bag/Backpack/Office Bag for Men/Women (Black),1359.0,4.0,18.0
https://www.amazon.in/F-Gear-Enzo-Red-Sports-Waist-Bag/dp/B0862LF7HS/ref=sr_1_163?crid=2M096C61O4MLT&keywords=bags&qid=1688687068&sprefix=ba%2Caps%2C283&sr=8-163,F Gear Enzo Sports Waist Bag (.Red),222.0,4.2,898.0
https://www.amazon.in/WILDHORN-Backpack-Compartment-Business-Stitching/dp/B09QL81ZHB/ref=sr_1_164?crid=2M096C61O4MLT&keywords=bags&qid=1688687068&sprefix=ba%2Caps%2C283&sr=8-164,"WILDHORN 31L Laptop Backpack for Men/Women I Fits upto 15.6"" Laptop I Waterproof I Travel/Business/College Bookbags",599.0,4.0,1392.0
https://www.amazon.in/Safari-Polyester-Cms-Travel-KRYPTON17DFBLU_Blue/dp/B097L2RSF1/ref=sr_1_165?crid=2M096C61O4MLT&keywords=bags&qid=1688687068&sprefix=ba%2Caps%2C283&sr=8-165,Safari Polyester 24 Cms Travel Bag(KRYPTON17DFBLU_Blue),499.0,3.8,38.0
https://www.amazon.in/Hammonds-Flycatcher-Leather-Messenger-LB138MH/dp/B0851GV3F7/ref=sr_1_166?crid=2M096C61O4MLT&keywords=bags&qid=1688687068&sprefix=ba%2Caps%2C283&sr=8-166,HAMMONDS FLYCATCHER Laptop Bag for Men - Genuine Leather Office Bag with Multiple Compartments - Fits 14/15.6/16 Inch Laptop Bag - Messenger and Shoulder Bag for Travel - Water Resistant - Brushwood,3017.0,4.4,1010.0
https://www.amazon.in/Wooum-Resisitance-Shoulder-Business-Messenger/dp/B0993Q72WD/ref=sr_1_167?crid=2M096C61O4MLT&keywords=bags&qid=1688687068&sprefix=ba%2Caps%2C283&sr=8-167,Wooum Sling Cross Body Bag/One Side Bag/Shoulder Bag/Office Business Messenger Bag/Money Bag for Men and Women - Water Resisitance,328.0,4.0,696.0
https://www.amazon.in/SKYBAGS-Unisex-Luggage-Duffel-Bag-DFHUS55ONG/dp/B07F342RQD/ref=sr_1_168?crid=2M096C61O4MLT&keywords=bags&qid=1688687068&sprefix=ba%2Caps%2C283&sr=8-168,"Skybags Unisex Polyester Solid Pattern Hustle Df 55 (Orange, Small)",1670.0,4.3,301.0
https://www.amazon.in/Gear-Vintage2-Leather-Backpack-LBPVG2LTH0101/dp/B07G44G1DC/ref=sr_1_169?crid=2M096C61O4MLT&keywords=bags&qid=1688687068&sprefix=ba%2Caps%2C283&sr=8-169,Gear Vintage2 28L Faux Leather Water Resistant Anti Theft Laptop Bag/Backpack for Men/Women-Black,981.0,4.4,1817.0
https://www.amazon.in/Lavie-Spring-Summer-Womens-Tote/dp/B0814PV49H/ref=sr_1_170?crid=2M096C61O4MLT&keywords=bags&qid=1688687068&sprefix=ba%2Caps%2C283&sr=8-170,Lavie Women's Pavo Tote Bag | Ladies Purse Handbag,899.0,4.1,4839.0
https://www.amazon.in/POLESTAR-backpack-Backpack-College-Students/dp/B08X2KRL8B/ref=sr_1_171?crid=2M096C61O4MLT&keywords=bags&qid=1688687068&sprefix=ba%2Caps%2C283&sr=8-171,"POLESTAR Leader 34 L Bag for College, School, Office, Casual Multipurpose Backpack with 15.6"" Laptop Compartment, Water Resistant, Unisex Design, Stylish & Durable, 1 Year Warranty",599.0,4.1,3516.0
https://www.amazon.in/Wesley-Milestone-Waterproof-Backpack-Business/dp/B07NJRPJ6Q/ref=sr_1_172?crid=2M096C61O4MLT&keywords=bags&qid=1688687068&sprefix=ba%2Caps%2C283&sr=8-172,Wesley Milestone 15.6 inch 25 L Casual Waterproof Laptop Backpack/Office Bag/School Bag/College Bag/Business Bag/Unisex Travel Backpack (Black),448.0,4.3,12999.0
https://www.amazon.in/Backpack-Business-Scratch-resistant-Multiple-Comfortable/dp/B0B6FNPN76/ref=sr_1_173?crid=2M096C61O4MLT&keywords=bags&qid=1688687068&sprefix=ba%2Caps%2C283&sr=8-173,"Ah Arctic Hunter Premium Business Backpack For Men Office, Travel With 15.6 Inch Laptop Pocket Water/Scratch-Resistant Multiple Pocket Padded College Backpack",5699.0,4.4,132.0
https://www.amazon.in/LL-LEATHER-LAND-DESIGNER-BAGS/dp/B0BD4TTDHD/ref=sr_1_174?crid=2M096C61O4MLT&keywords=bags&qid=1688687068&sprefix=ba%2Caps%2C283&sr=8-174,LL LEATHER LAND DESIGNER BAGS Women Sling Bag,299.0,4.0,1848.0
https://www.amazon.in/Aspire-Laptop-Backpack-Resistant-Macbook/dp/B0BYSXLVNN/ref=sr_1_175?crid=2M096C61O4MLT&keywords=bags&qid=1688687068&sprefix=ba%2Caps%2C283&sr=8-175,"Fendo Aspire 27L Laptop Bag, Office Bag for Men | Backpack for Men, School Bags for Boys | Water Resistant | Fits up to 15.6 inch Laptop, Macbook | (Grey)",569.0,4.6,16.0
https://www.amazon.in/ADISA-Womens-Girls-Party-Crossbody/dp/B0B2WBJ2H8/ref=sr_1_176?crid=2M096C61O4MLT&keywords=bags&qid=1688687068&sprefix=ba%2Caps%2C283&sr=8-176,ADISA Women's Girls Party Sling Bag Crossbody,378.0,3.8,123.0
https://www.amazon.in/Gear-Vintage2-Leather-Backpack-LBPVG2LTH0101/dp/B07G44G1DC/ref=sr_1_177?crid=2M096C61O4MLT&keywords=bags&qid=1688687070&sprefix=ba%2Caps%2C283&sr=8-177,Gear Vintage2 28L Faux Leather Water Resistant Anti Theft Laptop Bag/Backpack for Men/Women-Black,981.0,4.4,1817.0
https://www.amazon.in/HEROZ-Hammer-Durable-Travel-Laptop/dp/B07MGDFT9C/ref=sr_1_178?crid=2M096C61O4MLT&keywords=bags&qid=1688687070&sprefix=ba%2Caps%2C283&sr=8-178,HEROZ Hammer Unisex Nylon 45 L Travel Laptop Backpack Water Resistant Slim Durable Fits Up to 17.3 Inch Laptop Notebook (All) (Grey & Black),1359.0,4.3,7987.0
https://www.amazon.in/Red-Lemon-Polyester-15-6-inch-Waterproof/dp/B07XYY2FW4/ref=sr_1_179?crid=2M096C61O4MLT&keywords=bags&qid=1688687070&sprefix=ba%2Caps%2C283&sr=8-179,Red Lemon Polyester Bange Series 15.6inch Laptop Bag for Men 35 LTR Capacity Daily Office Bag for Men and Women Black (1903),3299.0,4.3,177.0
https://www.amazon.in/FUR-JADEN-Backpack-Accessories-Organiser/dp/B0BSHBC51P/ref=sr_1_180?crid=2M096C61O4MLT&keywords=bags&qid=1688687070&sprefix=ba%2Caps%2C283&sr=8-180,"FUR JADEN 15.6 Inch Smart Laptop Backpack Bag With USB Charging Port, Anti Theft Pocket and Accessories Organiser for Men Women Boys Girls",1329.0,4.2,502.0
https://www.amazon.in/Skybags-Unisex-Adjustable-Polyester-Backpack/dp/B0BJ74KLLY/ref=sr_1_181?crid=2M096C61O4MLT&keywords=bags&qid=1688687070&sprefix=ba%2Caps%2C283&sr=8-181,Skybags Kick Unisex Adjustable Strap Polyester Laptop Backpack,1349.0,4.1,45.0
https://www.amazon.in/Asus-BP1504-15-6-inch-Laptop-Backpack/dp/B0895ZZHKK/ref=sr_1_182?crid=2M096C61O4MLT&keywords=bags&qid=1688687070&sprefix=ba%2Caps%2C283&sr=8-182,Asus BP1504 39.62 cm (15.6-inch) Laptop Backpack (Dark Grey),819.0,4.2,1669.0
https://www.amazon.in/DZert-Polyester-Black-White-Laptop/dp/B07H193V57/ref=sr_1_183?crid=2M096C61O4MLT&keywords=bags&qid=1688687070&sprefix=ba%2Caps%2C283&sr=8-183,DZert Clasy Laptop Bag College Bag for Boys Girls 21 L Black,339.0,3.8,2461.0
https://www.amazon.in/DZert-Polyester-Pink-School-Backpack/dp/B077VFZHLL/ref=sr_1_184?crid=2M096C61O4MLT&keywords=bags&qid=1688687070&sprefix=ba%2Caps%2C283&sr=8-184,DZert School Bag Backpack 30 Liters for Boys/Girls Polyester Lightweight Bag (Pink),319.0,3.6,1897.0
https://www.amazon.in/POLESTAR-Casual-bagpack-School-Backpack/dp/B07PQQ8M7B/ref=sr_1_185?crid=2M096C61O4MLT&keywords=bags&qid=1688687070&sprefix=ba%2Caps%2C283&sr=8-185,"POLESTAR Noble 32 L Bag for College, School, Office, Casual Multipurpose Backpack with 15.6"" Laptop Compartment, Water Resistant, Unisex Design, Stylish & Durable, 1 Year Warranty",579.0,4.0,17663.0
https://www.amazon.in/F-Gear-Axe-Black-Navy-Blue-bag/dp/B00MI562BG/ref=sr_1_186?crid=2M096C61O4MLT&keywords=bags&qid=1688687070&sprefix=ba%2Caps%2C283&sr=8-186,F Gear Axe 27L Black Navy Blue School Bag 1860,969.0,4.2,5858.0
https://www.amazon.in/Motherly-Diaper-Travel-Basic-Black/dp/B07QXSNDKN/ref=sr_1_187?crid=2M096C61O4MLT&keywords=bags&qid=1688687070&sprefix=ba%2Caps%2C283&sr=8-187,motherly Diaper Bags for Mom Travel Basic Edition (Black),1449.0,4.5,2538.0
https://www.amazon.in/FATMUG-Laptop-Bag-Men-Convertible/dp/B084LFS4G1/ref=sr_1_188?crid=2M096C61O4MLT&keywords=bags&qid=1688687070&sprefix=ba%2Caps%2C283&sr=8-188,FATMUG Laptop Bag For Men - Convertible Backpack For Office And Travel (Navy Blue Oxford Fabric),1599.0,4.4,2081.0
https://www.amazon.in/Luvlap-Lily-Diaper-Bag-Multipurpose/dp/B07S4N5BVM/ref=sr_1_189?crid=2M096C61O4MLT&keywords=bags&qid=1688687070&sprefix=ba%2Caps%2C283&sr=8-189,LuvLap Lily Travel Multifunctional Waterproof Diaper Bag-Backpack Cum Tote Bag (Navy Blue),1135.0,4.4,906.0
https://www.amazon.in/Backpack-Business-Backpacks-Charging-Resistant/dp/B094DGXXR5/ref=sr_1_190?crid=2M096C61O4MLT&keywords=bags&qid=1688687070&sprefix=ba%2Caps%2C283&sr=8-190,"FUR JADEN Travel Laptop Backpack, Business Backpacks with USB Charging Port, Water Resistant College School Computer Bag for Men & Women Fits Under 15.6 inch Laptop and Notebook",1049.0,4.2,216.0
https://www.amazon.in/DZert-Girls-Polyester-White-Backpack/dp/B07H1BPCGQ/ref=sr_1_191?crid=2M096C61O4MLT&keywords=bags&qid=1688687070&sprefix=ba%2Caps%2C283&sr=8-191,DZert Clasy Laptop Bag College Bag for Boys Girls 21 L Nevy Blue,339.0,3.8,2461.0
https://www.amazon.in/ADISA-Womens-Girls-Party-Crossbody/dp/B0B2WBJ2H8/ref=sr_1_192?crid=2M096C61O4MLT&keywords=bags&qid=1688687070&sprefix=ba%2Caps%2C283&sr=8-192,ADISA Women's Girls Party Sling Bag Crossbody,378.0,3.8,123.0
https://www.amazon.in/Storite-Grocery-Shopping-Reinforced-40x20x33-cm/dp/B079T66RBW/ref=sr_1_193?crid=2M096C61O4MLT&keywords=bags&qid=1688687071&sprefix=ba%2Caps%2C283&sr=8-193,"Storite Pack of 2 Heavy Duty Canvas Grocery Shopping Bags with Reinforced Handles (40x20x33-cm, Green)",549.0,4.3,2156.0
https://www.amazon.in/Business-Casual-Resistant-Laptop-Backpack/dp/B0862V2GKH/ref=sr_1_194?crid=2M096C61O4MLT&keywords=bags&qid=1688687071&sprefix=ba%2Caps%2C283&sr=8-194,MI Business Casual 21L Water Resistant Laptop Backpack,949.0,4.4,1352.0
https://www.amazon.in/Wesley-Waterproof-Backpack-College-Business/dp/B08B6F3X7V/ref=sr_1_195?crid=2M096C61O4MLT&keywords=bags&qid=1688687071&sprefix=ba%2Caps%2C283&sr=8-195,Wesley Matrix 15.6 inch 35L Casual Waterproof Laptop Backpack/Office Bag/College Bag/Business Bag/Unisex Travel Backpack (Navy Blue),499.0,4.2,761.0
https://www.amazon.in/TRUE-HUMAN-Anti-Theft-charging-combination/dp/B09H7PK5ML/ref=sr_1_196?crid=2M096C61O4MLT&keywords=bags&qid=1688687071&sprefix=ba%2Caps%2C283&sr=8-196,TRUE HUMAN Anti-Theft and USB charging port backpack with security lock Laptop bag|office bag| for men and women (Grey),649.0,3.8,1826.0
https://www.amazon.in/House-Quirk-Electronics-Accessories-Organizer/dp/B07MMGBD1J/ref=sr_1_197?crid=2M096C61O4MLT&keywords=bags&qid=1688687071&sprefix=ba%2Caps%2C283&sr=8-197,"House of Quirk Electronics Accessories Organizer Bag, Universal Carry Travel Gadget Bag for Cables, Plug and More, Perfect Size Fits for Pad Phone Charger Hard Disk - Dark Blue",479.0,4.2,1361.0
https://www.amazon.in/Half-Moon-Waterproof-Backpack-Students/dp/B0BR149RMT/ref=sr_1_198?crid=2M096C61O4MLT&keywords=bags&qid=1688687071&sprefix=ba%2Caps%2C283&sr=8-198,Half Moon 35 L Casual Waterproof Laptop Bag/Backpack for Men Women Boys Girls/Office School College Teens & Students with Rain Cover (18 Inch) (Sky Blue),699.0,3.6,75.0
https://www.amazon.in/Hammonds-Flycatcher-Leather-Messenger-LB138MH/dp/B0851GV3F7/ref=sr_1_199?crid=2M096C61O4MLT&keywords=bags&qid=1688687071&sprefix=ba%2Caps%2C283&sr=8-199,HAMMONDS FLYCATCHER Laptop Bag for Men - Genuine Leather Office Bag with Multiple Compartments - Fits 14/15.6/16 Inch Laptop Bag - Messenger and Shoulder Bag for Travel - Water Resistant - Brushwood,3017.0,4.4,1010.0
https://www.amazon.in/ASTRID-Womens-Round-Sling-Pompoms/dp/B08VS8JBNK/ref=sr_1_200?crid=2M096C61O4MLT&keywords=bags&qid=1688687071&sprefix=ba%2Caps%2C283&sr=8-200,ASTRID Women's Sling Bag (Prismatic Brownish Textured),499.0,4.3,476.0
https://www.amazon.in/Lavie-Extra-Large-Malnov-Womens/dp/B08LRFCBLW/ref=sr_1_201?crid=2M096C61O4MLT&keywords=bags&qid=1688687071&sprefix=ba%2Caps%2C283&sr=8-201,Lavie Women's Malnov Tote Bag | Ladies Purse Handbag,1099.0,4.1,5201.0
https://www.amazon.in/Veneer-Backpack-Fashion-Leather-College/dp/B09BMG8R6Y/ref=sr_1_202?crid=2M096C61O4MLT&keywords=bags&qid=1688687071&sprefix=ba%2Caps%2C283&sr=8-202,"Veneer Medium 20 L Laptop Backpack Men Womens Girls Fashion PU Leather Mini Casual Backpack Bags for School, College, Tuition, Office Bag",998.0,4.2,909.0
https://www.amazon.in/POLESTAR-Ranker-Casual-Bagpack-Backpack/dp/B08421BRQ2/ref=sr_1_203?crid=2M096C61O4MLT&keywords=bags&qid=1688687071&sprefix=ba%2Caps%2C283&sr=8-203,"POLESTAR Ranker 15.6 inch 32 LTR Casual Laptop Backpack/Office Bag/School Bag/College Bag/Business Bag/Unisex Backpack, Water Resistant and Light Weight, 1 year Warranty",669.0,4.1,7747.0
https://www.amazon.in/Skybags-Unisex-Printed-School-Backpack/dp/B0C5WYR54R/ref=sr_1_204?crid=2M096C61O4MLT&keywords=bags&qid=1688687071&sprefix=ba%2Caps%2C283&sr=8-204,"Skybags Unisex Printed School Backpack For Kids, 01 Black (Disney Mickey)",996.0,5.0,2.0
https://www.amazon.in/Gear-DOUBLE-DECKER-Resistant-Backpack/dp/B0BTJ3WTMV/ref=sr_1_205?crid=2M096C61O4MLT&keywords=bags&qid=1688687071&sprefix=ba%2Caps%2C283&sr=8-205,Gear DOUBLE DECKER 31L Water Resistant Laptop Bag/Backpack/Office Bag for Men/Women (Black),1359.0,4.0,18.0
https://www.amazon.in/Impulse-rucksack-75-backpack-trekking/dp/B09T9XDQ99/ref=sr_1_206?crid=2M096C61O4MLT&keywords=bags&qid=1688687071&sprefix=ba%2Caps%2C283&sr=8-206,Impulse rucksack bags 75 litres travel bag for men tourist bag for travel backpack for hiking trekking Bag for men camping thames blue bag with 1 Year Warranty,1244.0,4.0,473.0
https://www.amazon.in/SAFARI-Denim-Casual-Backpack-DAYPACKNEO15CBDNB/dp/B07NSC4SL5/ref=sr_1_207?crid=2M096C61O4MLT&keywords=bags&qid=1688687071&sprefix=ba%2Caps%2C283&sr=8-207,SAFARI 15 Ltrs Denim Blue Casual/School/College Backpack (DAYPACKNEO15CBDNB),321.0,4.0,12960.0
https://www.amazon.in/Wooum-Travel-Business-Messenger-Shoulder/dp/B09MWGV9PR/ref=sr_1_208?crid=2M096C61O4MLT&keywords=bags&qid=1688687071&sprefix=ba%2Caps%2C283&sr=8-208,Wooum Sling Cross Body Travel Office Business Messenger One Side Shoulder Pouch Bag Money Bag for Men and Women,349.0,4.2,635.0
https://www.amazon.in/DZert-Kids-Grey-School-Years/dp/B07QD1M3R9/ref=sr_1_225?crid=2M096C61O4MLT&keywords=bags&qid=1688687073&sprefix=ba%2Caps%2C283&sr=8-225,DZert Kids School Bag Soft Plush Backpacks Cartoon Boys Girls Baby (2-5 Years),225.0,3.7,3143.0
https://www.amazon.in/NORTH-ZONE-Northzone-Business-Messenger/dp/B0C555LQF4/ref=sr_1_226?crid=2M096C61O4MLT&keywords=bags&qid=1688687073&sprefix=ba%2Caps%2C283&sr=8-226,NORTH ZONE Northzone Sling Cross Body Travel Office Business Messenger One Side Shoulder Pouch Bag Money Bag for Men and Women,299.0,4.1,22.0
https://www.amazon.in/Anti-Theft-Backpack-Expandable-Water-resistant-Convertible/dp/B0B6FZ3YNV/ref=sr_1_227?crid=2M096C61O4MLT&keywords=bags&qid=1688687073&sprefix=ba%2Caps%2C283&sr=8-227,ah arctic hunter Golden Wolf Backpack 35L Expandable Travel Backpack for Men and Women Anti-theft Laptop Bag with Lock Water-resistant Convertible Backpack with USB Port(Black),2754.0,4.3,88.0
https://www.amazon.in/ADISA-Backpack-Office-College-Travel/dp/B09Y8FMDVB/ref=sr_1_228?crid=2M096C61O4MLT&keywords=bags&qid=1688687073&sprefix=ba%2Caps%2C283&sr=8-228,ADISA Backpack Office Bag College Travel Back Pack 32 Ltrs (Navy Blue),499.0,4.1,192.0
https://www.amazon.in/Wildcraft-Polyester-Black-Laptop-8903338054290/dp/B012D4QKHW/ref=sr_1_229?crid=2M096C61O4MLT&keywords=bags&qid=1688687073&sprefix=ba%2Caps%2C283&sr=8-229,Wildcraft 44 cms Polyester Black Laptop Bag (8903338054290),1539.0,4.3,667.0
https://www.amazon.in/GOCART-LOGO-Backpack-Briefcase-Convertible/dp/B0822H451W/ref=sr_1_230?crid=2M096C61O4MLT&keywords=bags&qid=1688687073&sprefix=ba%2Caps%2C283&sr=8-230,GOCART WITH G LOGO Laptop Backpack Casual Daypacks Briefcase Convertible Business Travel Rucksack with USB Charging Port Large College School Bookbag Computer Laptop Bag,1249.0,3.9,1439.0
https://www.amazon.in/Genie-compartments-Resistant-Lightweight-Travelling/dp/B097JJYXXT/ref=sr_1_231?crid=2M096C61O4MLT&keywords=bags&qid=1688687073&sprefix=ba%2Caps%2C283&sr=8-231,"Genie Drama Queen Laptop Backpack for Women, 3 compartments, Stylish and Trendy College Bags for Girls, Water Resistant and Lightweight Bags for Office and Travelling Purpose. 36 litres",1299.0,4.0,4.0
https://www.amazon.in/Vivinkaa-Womens-Sling-Bag-Blue/dp/B077WSKG53/ref=sr_1_232?crid=2M096C61O4MLT&keywords=bags&qid=1688687073&sprefix=ba%2Caps%2C283&sr=8-232,"Vivinkaa Sling Bag for Women, Bags for Women, Sling Bag, Purse for Women, Sling Bag for Women Stylish, Sling Bag for Girls, Women Sling Bag, Bag for Girls - Indigo",549.0,3.8,1940.0
https://www.amazon.in/Half-Moon-Trekking-Bags-Compartment/dp/B08PSX1LN9/ref=sr_1_233?crid=2M096C61O4MLT&keywords=bags&qid=1688687073&sprefix=ba%2Caps%2C283&sr=8-233,Half Moon 45L Hammer Waterproof Laptop Travelling Rucksack Trekking Backpack for Travel Journey bags for Men Women Boys & Girls with 17.3inch Laptop Compartment & Rain cover,1399.0,4.1,1323.0
https://www.amazon.in/Half-Moon-Backpack-Spacious-Multiple/dp/B0C241FLW2/ref=sr_1_234?crid=2M096C61O4MLT&keywords=bags&qid=1688687073&sprefix=ba%2Caps%2C283&sr=8-234,Half Moon Aztec 37L School Bag Class 5-12 | College Bagpack for Men/College Back pack for Women | 15.6 inch Laptop Bag for Men/Backpack for Men | Spacious & Multiple Pockets,649.0,3.7,86.0
https://www.amazon.in/Swisslook-Polyester-15-6-inch-Backpack-Waterproof/dp/B07XYTZP4Z/ref=sr_1_235?crid=2M096C61O4MLT&keywords=bags&qid=1688687073&sprefix=ba%2Caps%2C283&sr=8-235,Red Lemon Swisslook Polyester Bange Series 45L 15.6-inch Laptop Bags Backpack for Men and Women Semi Waterproof USB with Anti Theft Pocket Travel Backpack,2844.0,4.3,1663.0
https://www.amazon.in/Impulse-rucksack-60-backpack-trekking/dp/B09TDL9FJ8/ref=sr_1_236?crid=2M096C61O4MLT&keywords=bags&qid=1688687073&sprefix=ba%2Caps%2C283&sr=8-236,Impulse rucksack bags 60 litres travel bag for men tourist bag for travel backpack for hiking trekking Bag for men camping thames blue bag with 1 Year Warranty,1066.0,4.0,319.0
https://www.amazon.in/Urban-Tribe-Rumble-Laptop-Backpack/dp/B09XDW5LWD/ref=sr_1_237?crid=2M096C61O4MLT&keywords=bags&qid=1688687073&sprefix=ba%2Caps%2C283&sr=8-237,"URBAN TRIBE Rumble 15.6"" Laptop Backpack/Bag | Office Bag for Men & Women | Rain Cover & Lunch Bag |",2299.0,4.1,73.0
https://www.amazon.in/ASTRID-Womens-Round-Sling-Pompoms/dp/B08VS8JBNK/ref=sr_1_238?crid=2M096C61O4MLT&keywords=bags&qid=1688687073&sprefix=ba%2Caps%2C283&sr=8-238,ASTRID Women's Sling Bag (Prismatic Brownish Textured),499.0,4.3,476.0
https://www.amazon.in/Glowic-Unisexs-Backpack-College-Students/dp/B0BGX9W69N/ref=sr_1_239?crid=2M096C61O4MLT&keywords=bags&qid=1688687073&sprefix=ba%2Caps%2C283&sr=8-239,Glowic Unisex's Backpack for Men Women Boys Girls/Office School College Teens & Students (WBAG-64) (Black),899.0,3.6,218.0
https://www.amazon.in/Mokobara-Transit-Backpack-Laptop-Sunray/dp/B09V7R98XC/ref=sr_1_240?crid=2M096C61O4MLT&keywords=bags&qid=1688687073&sprefix=ba%2Caps%2C283&sr=8-240,MOKOBARA The Transit Backpack Laptop Bag for Men and Women,5999.0,4.5,675.0
https://www.amazon.in/Half-Moon-Backpack-Spacious-Multiple/dp/B0C241FLW2/ref=sr_1_241?crid=2M096C61O4MLT&keywords=bags&qid=1688687074&sprefix=ba%2Caps%2C283&sr=8-241,Half Moon Aztec 37L School Bag Class 5-12 | College Bagpack for Men/College Back pack for Women | 15.6 inch Laptop Bag for Men/Backpack for Men | Spacious & Multiple Pockets,649.0,3.7,86.0
https://www.amazon.in/Swisslook-Polyester-15-6-inch-Backpack-Waterproof/dp/B07XYTZP4Z/ref=sr_1_242?crid=2M096C61O4MLT&keywords=bags&qid=1688687074&sprefix=ba%2Caps%2C283&sr=8-242,Red Lemon Swisslook Polyester Bange Series 45L 15.6-inch Laptop Bags Backpack for Men and Women Semi Waterproof USB with Anti Theft Pocket Travel Backpack,2844.0,4.3,1663.0
https://www.amazon.in/Weekender-Travel-Backpack-Organizer-Handles/dp/B0B34WJK3X/ref=sr_1_243?crid=2M096C61O4MLT&keywords=bags&qid=1688687074&sprefix=ba%2Caps%2C283&sr=8-243,"FUR JADEN 40L Weekender Travel Laptop Backpack with Anti Theft Pocket, Organizer, 15.6 Inch Padded Laptop Sleeve and Dual Handles",1229.0,4.3,728.0
https://www.amazon.in/Mokobara-Transit-Backpack-Laptop-Sunray/dp/B09V7R98XC/ref=sr_1_244?crid=2M096C61O4MLT&keywords=bags&qid=1688687074&sprefix=ba%2Caps%2C283&sr=8-244,MOKOBARA The Transit Backpack Laptop Bag for Men and Women,5999.0,4.5,675.0
https://www.amazon.in/LL-LEATHER-LAND-DESIGNER-BAGS/dp/B0BD4TTDHD/ref=sr_1_245?crid=2M096C61O4MLT&keywords=bags&qid=1688687074&sprefix=ba%2Caps%2C283&sr=8-245,LL LEATHER LAND DESIGNER BAGS Women Sling Bag,299.0,4.0,1848.0
https://www.amazon.in/House-Quirk-Electronics-Accessories-Organizer/dp/B07MMGBD1J/ref=sr_1_246?crid=2M096C61O4MLT&keywords=bags&qid=1688687074&sprefix=ba%2Caps%2C283&sr=8-246,"House of Quirk Electronics Accessories Organizer Bag, Universal Carry Travel Gadget Bag for Cables, Plug and More, Perfect Size Fits for Pad Phone Charger Hard Disk - Dark Blue",479.0,4.2,1361.0
https://www.amazon.in/Aristocrat-Unisex-Premium-Poleyester-Fabric/dp/B09ZV9MSFQ/ref=sr_1_247?crid=2M096C61O4MLT&keywords=bags&qid=1688687074&sprefix=ba%2Caps%2C283&sr=8-247,Aristocrat Unisex Black Premium Poleyester Fabric 26L Laptop Bags,669.0,3.8,64.0
https://www.amazon.in/DZert-Rumble-School-Backpacks-Cartoon/dp/B0994PHBSL/ref=sr_1_248?crid=2M096C61O4MLT&keywords=bags&qid=1688687074&sprefix=ba%2Caps%2C283&sr=8-248,DZert Kids School Bag Soft Plush Backpacks Cartoon Boys Girls Baby (2-5 Years),249.0,3.7,11874.0
https://www.amazon.in/Genie-Spritz-Daypack-Fashion-Backpack/dp/B083ZDV5FK/ref=sr_1_249?crid=2M096C61O4MLT&keywords=bags&qid=1688687074&sprefix=ba%2Caps%2C283&sr=8-249,Genie Spritz Navy Blue 13.5 Litres Daypack (Casual Fashion Backpack For Girls/Women),349.0,4.2,2453.0
https://www.amazon.in/DZert-Girls-Polyester-White-Backpack/dp/B07H1BPCGQ/ref=sr_1_250?crid=2M096C61O4MLT&keywords=bags&qid=1688687074&sprefix=ba%2Caps%2C283&sr=8-250,DZert Clasy Laptop Bag College Bag for Boys Girls 21 L Nevy Blue,339.0,3.8,2461.0
https://www.amazon.in/Half-Moon-Waterproof-Backpack-Students/dp/B0BR149RMT/ref=sr_1_251?crid=2M096C61O4MLT&keywords=bags&qid=1688687074&sprefix=ba%2Caps%2C283&sr=8-251,Half Moon 35 L Casual Waterproof Laptop Bag/Backpack for Men Women Boys Girls/Office School College Teens & Students with Rain Cover (18 Inch) (Sky Blue),699.0,3.6,75.0
https://www.amazon.in/SACCI-MUCCI-Allamanda-Lightweight-SM1-10_magnolia/dp/B09TDNZ88Z/ref=sr_1_252?crid=2M096C61O4MLT&keywords=bags&qid=1688687074&sprefix=ba%2Caps%2C283&sr=8-252,"SACCI MUCCI Women's Rainbow Sling Bag, Handmade Bags for Females - 100% Vegan Leather and Coated Duck canvas Fabric, Lightweight and Durable",421.0,4.2,856.0
https://www.amazon.in/DZert-Fabric-Multicolour-Spiderman-Printed/dp/B07BNS3KNX/ref=sr_1_253?crid=2M096C61O4MLT&keywords=bags&qid=1688687074&sprefix=ba%2Caps%2C283&sr=8-253,DZert Kids School Bag Soft Plush Backpacks Cartoon Boys Girls Baby (2-5 Years),249.0,3.8,1476.0
https://www.amazon.in/Wildcraft-Ltrs-orange-Rucksack-8903338073864/dp/B01G5I8YLC/ref=sr_1_254?crid=2M096C61O4MLT&keywords=bags&qid=1688687074&sprefix=ba%2Caps%2C283&sr=8-254,Wildcraft 45 Ltrs Grey and Orange Rucksack,1739.0,4.3,9013.0
https://www.amazon.in/Puma-Unisex-Adult-Backpack-Parisian-9018302/dp/B0BWF3K4GC/ref=sr_1_255?crid=2M096C61O4MLT&keywords=bags&qid=1688687074&sprefix=ba%2Caps%2C283&sr=8-255,"Puma Unisex-Adult Core Backpack, Parisian Night (9018302)",911.0,5.0,1.0
https://www.amazon.in/PUMA-Laptop-Backpack-CASTLEROCK-Vibrant-Orange/dp/B08BTWDHCY/ref=sr_1_256?crid=2M096C61O4MLT&keywords=bags&qid=1688687074&sprefix=ba%2Caps%2C283&sr=8-256,PUMA Laptop Backpack IND,1059.0,3.9,39.0
https://www.amazon.in/Skybags-Unisex-Black-Fabric-Backpacks/dp/B0B221QMF2/ref=sr_1_305?crid=2M096C61O4MLT&keywords=bags&qid=1688687076&sprefix=ba%2Caps%2C283&sr=8-305,Skybags Unisex Black Gucci Fabric 10L Backpacks,392.0,3.9,103.0
https://www.amazon.in/Genie-Clara-Backpack-Women-compartments/dp/B097JJGR1N/ref=sr_1_306?crid=2M096C61O4MLT&keywords=bags&qid=1688687076&sprefix=ba%2Caps%2C283&sr=8-306,"Genie Clara Backpack for Women - 3 compartments, Laptop Bags for Girls, Stylish and Trendy College Backpacks for Girls, Water Resistant and Lightweight Bags for Office and Travelling Purpose.",1279.0,4.4,183.0
